Text,Sentiment
i love this product,Positive
the service was terrible,Negative
this movie is amazing,Positive
im so disappointed with their customer support,Negative
just had the best meal of my life,Positive
the quality of this product is subpar,Negative
i cant stop listening to this song its incredible,Positive
their website is so userfriendly love it,Positive
i loved the movie it was fantastic,Positive
the customer service was terrible,Negative
this book made me feel inspired highly recommended,Positive
im extremely disappointed with their product quality,Negative
just had the most amazing vacation i cant wait to go back,Positive
the food at this restaurant was awful never going back again,Negative
i cant stop listening to this song its my new favorite,Positive
their website is so confusing and poorly designed,Negative
i had an incredible experience at the theme park so much fun,Positive
the product arrived damaged very disappointed,Negative
the concert was absolutely breathtaking best performance ever,Positive
i had a terrible experience with their customer support,Negative
this movie is a masterpiece i was blown away,Positive
the customer service at this store is topnotch,Positive
im disappointed with the ending of this book it fell flat,Negative
the product i received was damaged unacceptable,Negative
just had the worst flight experience delayed and rude staff,Negative
the hotel stay was absolutely amazing luxury at its finest,Positive
the food at this restaurant was outstanding highly recommended,Positive
this playlist is my goto for workouts energizing and motivating,Positive
i had a frustrating experience navigating through their website,Negative
the roller coaster ride was thrilling heartpounding excitement,Positive
the product i ordered never arrived terrible service,Negative
i cant get enough of this band their music is incredible,Positive
i had a great chat with their customer support helpful and friendly,Positive
this restaurant has the most delicious food i cant wait to go back,Positive
the product i purchased broke within a week poor quality,Negative
this book is thoughtprovoking and beautifully written highly recommended,Positive
the customer service at this store is exceptional they went above and beyond,Positive
i had a terrible experience with their technical support no resolution,Negative
the live concert was electrifying the bands energy was contagious,Positive
im disappointed with the food at this restaurant it was tasteless,Negative
this song always puts me in a good mood its my goto feelgood track,Positive
the website is slow and unresponsive difficult to navigate,Negative
the roller coaster ride was exhilarating pure adrenaline rush,Positive
the product i ordered arrived damaged very disappointed with the packaging,Negative
im captivated by this bands unique sound theyre a breath of fresh air,Positive
the customer support was quick to respond and resolved my issue impressed,Positive
this restaurant has the best food i highly recommend it,Positive
the plot of this movie is confusing and hard to follow,Negative
im addicted to this game its so much fun,Positive
the customer service at this hotel was terrible avoid at all costs,Negative
this book bored me to tears i couldnt finish it,Negative
im impressed with the sound quality of these headphones excellent,Positive
the website design is sleek and userfriendly easy to navigate,Positive
i had a terrible experience with their delivery service late and unprofessional,Negative
the concert was mindblowing the band knows how to put on a show,Positive
im extremely disappointed with the customer support no resolution,Negative
the hotel staff were rude and unprofessional terrible customer service,Negative
the food at this restaurant was mediocre nothing special,Negative
this song always puts me in a nostalgic mood it reminds me of good times,Positive
the website loading speed is frustratingly slow needs improvement,Negative
the food at this cafe exceeded my expectations absolutely delicious,Positive
im disappointed with the ending of this tv show it left too many unanswered questions,Negative
this album is a masterpiece every song is a work of art,Positive
the website layout is cluttered and confusing difficult to find information,Negative
the roller coaster at this theme park is a thrilling experience a musttry,Positive
the product i ordered never arrived poor customer service,Negative
im in awe of this artists talent their paintings are breathtaking,Positive
the food at this restaurant was disappointing not worth the price,Negative
this playlist is perfect for relaxation soothing and calming,Positive
the website navigation is smooth and intuitive i found what i needed quickly,Positive
the ride on this cruise ship was an unforgettable experience i loved every moment,Positive
the product i received was of poor quality it broke after a few uses,Negative
this book kept me hooked from start to finish a captivating read,Positive
the customer service at this store is outstanding they truly care about their customers,Positive
i had a frustrating experience with their technical support no resolution provided,Negative
the hotel staff were rude and unprofessional terrible customer service,Negative
the food at this restaurant was mediocre nothing special,Negative
this song always puts me in a nostalgic mood it reminds me of good times,Positive
the website loading speed is frustratingly slow needs improvement,Negative
i love this product,Positive
the service was terrible,Negative
this movie is amazing,Positive
im so disappointed with their customer support,Negative
just had the best meal of my life,Positive
the quality of this product is subpar,Negative
i cant stop listening to this song its incredible,Positive
their website is so userfriendly love it,Positive
i loved the movie it was fantastic,Positive
the customer service was terrible,Negative
this book made me feel inspired highly recommended,Positive
im extremely disappointed with their product quality,Negative
just had the most amazing vacation i cant wait to go back,Positive
the food at this restaurant was awful never going back again,Negative
i cant stop listening to this song its my new favorite,Positive
their website is so confusing and poorly designed,Negative
i had an incredible experience at the theme park so much fun,Positive
